aljazeera,"LIVE UPDATES,",https://www.aljazeera.com/news/liveblog/2024/5/9/israels-war-on-gaza-live-biden-admits-israel-used-us-bombs-on-civilians
aljazeera,Video Duration 03 minutes 10 seconds,https://www.aljazeera.com/news/2024/5/9/russias-putin-says-arrogant-west-risking-global-conflict
aljazeera,Russia’s Putin says ‘arrogant’ West risking global conflict,https://www.aljazeera.com/news/2024/5/9/russias-putin-says-arrogant-west-risking-global-conflict
aljazeera,Trump’s lawyer presses Stormy Daniels on day 14 of hush money trial,https://www.aljazeera.com/news/2024/5/9/trumps-lawyer-presses-stormy-daniels-on-day-14-of-hush-money-trial
aljazeera,‘It’s not human’: What a French doctor saw in Gaza as Israel invaded Rafah,https://www.aljazeera.com/features/2024/5/9/its-not-human-what-a-french-doctor-saw-in-gaza-as-israel-invaded-rafah
aljazeera,Iran warns it will change nuclear doctrine if ‘existence threatened’,https://www.aljazeera.com/news/2024/5/9/iran-warns-it-will-change-nuclear-doctrine-if-existence-threatened
aljazeera,Protesters rally in Sweden against Israel’s participation in Eurovision,https://www.aljazeera.com/news/2024/5/9/protesters-rally-in-sweden-against-israels-participation-in-eurovision
aljazeera,"Boeing 737: Plane skids off runway in Senegal, tyre bursts in Turkey",https://www.aljazeera.com/news/2024/5/9/boeing-737-plane-skids-off-runway-in-senegal-tyre-bursts-in-turkey
aljazeera,"Yemen’s Houthis say they attacked ships in Gulf of Aden, Indian Ocean",https://www.aljazeera.com/news/2024/5/9/yemens-houthis-say-they-attacked-ships-in-gulf-of-aden-indian-ocean
aljazeera,"Russia could open new front as Ukraine remains weapons-poor, say officials",https://www.aljazeera.com/news/2024/5/9/russia-could-open-new-front-as-ukraine-remains-weapons-poor-say-officials
aljazeera,UK students at elite universities join mushrooming pro-Palestine protests,https://www.aljazeera.com/features/2024/5/9/uk-university-protests
aljazeera,Dreams deferred in Gaza as Israel invades Rafah,https://www.aljazeera.com/features/2024/5/9/dreams-deferred-in-gaza-as-israel-invades-rafah
aljazeera,Why is the US blocking some bomb shipments to Israel? All you need to know,https://www.aljazeera.com/news/2024/5/9/which-bombs-has-the-united-states-stopped-shipping-to-israel
aljazeera,A year since Pakistan’s May 9 riots: A timeline of political upheaval,https://www.aljazeera.com/news/2024/5/9/timeline-a-year-of-ex-pm-imran-khans-arrest-may-9-violence-in-pakistan
aljazeera,Will the US adopt IHRA’s anti-Semitism definition? What’s the controversy?,https://www.aljazeera.com/news/2024/5/8/will-the-us-adopt-ihras-anti-semitism-definition-whats-the-controversy
aljazeera,"Give or take a few bombs, US complicity in genocide remains ‘ironclad’",https://www.aljazeera.com/opinions/2024/5/9/give-or-take-a-few-bombs-us-complicity-in-genocide-remains-ironclad
aljazeera,The US and Israel are playing a dangerous game,https://www.aljazeera.com/opinions/2024/5/8/the-us-and-israel-are-playing-a-dangerous-game
aljazeera,Boos for Israel’s entry at Eurovision rehearsal,https://www.aljazeera.com/program/newsfeed/2024/5/9/boos-for-israels-entry-at-eurovision-rehearsal
aljazeera,Gaza’s seventh mass grave discovered at al-Shifa Hospital,https://www.aljazeera.com/program/newsfeed/2024/5/9/gazas-seventh-mass-grave-discovered-at-al-shifa-hospital
aljazeera,Dutch police bulldoze anti-Gaza war student camp,https://www.aljazeera.com/program/newsfeed/2024/5/9/dutch-police-bulldoze-camp-to-break-up-anti-gaza-war-student-protest
aljazeera,Will Israel face consequences over its seizure of Rafah crossing?,https://www.aljazeera.com/program/inside-story/2024/5/8/will-israel-face-consequences-over-its-seizure-of-the-rafah-crossing
aljazeera,‘My vote snatched’: How to win India’s election without a single vote,https://www.aljazeera.com/news/2024/5/9/my-vote-snatched-in-india-mystery-candidate-withdrawals-cloud-election
aljazeera,"In the US South, pro-Palestinians face crackdown on campus and in streets",https://www.aljazeera.com/news/2024/5/8/in-the-us-south-pro-palestinians-face-crackdown-on-campus-and-in-streets-2
aljazeera,Can Jacob Zuma emerge as kingmaker in South Africa’s election?,https://www.aljazeera.com/news/2024/5/8/can-jacob-zuma-emerge-as-kingmaker-in-south-africas-election
aljazeera,Pakistan bets on a cannabis high as its economy struggles,https://www.aljazeera.com/news/2024/5/8/pakistan-bets-on-a-cannabis-high-as-its-economy-struggles
aljazeera,‘The goal is to destroy Gaza’: Why Israel rejects a ceasefire with Hamas,https://www.aljazeera.com/news/2024/5/7/the-goal-is-to-destroy-gaza-why-israel-rejects-a-ceasefire-with-hamas
aljazeera,Bisan Owda and AJ+ win Peabody Award for Gaza war coverage,https://www.aljazeera.com/news/2024/5/9/bisan-owda-and-aj-win-peabody-award-for-gaza-war-coverage
aljazeera,‘Endless anxiety’: New wave of displacement as Israeli attacks hammer Rafah,https://www.aljazeera.com/news/liveblog/2024/5/9/israels-war-on-gaza-live-biden-admits-israel-used-us-bombs-on-civilians
aljazeera,‘It’s not human’: What a French doctor saw in Gaza as Israel invaded Rafah,https://www.aljazeera.com/features/2024/5/9/its-not-human-what-a-french-doctor-saw-in-gaza-as-israel-invaded-rafah
aljazeera,"Russia could open new front as Ukraine remains weapons-poor, say officials",https://www.aljazeera.com/news/2024/5/9/russia-could-open-new-front-as-ukraine-remains-weapons-poor-say-officials
aljazeera,Russia’s Putin says ‘arrogant’ West risking global conflict,https://www.aljazeera.com/news/2024/5/9/russias-putin-says-arrogant-west-risking-global-conflict
aljazeera,"Boeing 737: Plane skids off runway in Senegal, tyre bursts in Turkey",https://www.aljazeera.com/news/2024/5/9/boeing-737-plane-skids-off-runway-in-senegal-tyre-bursts-in-turkey
aljazeera,UK students at elite universities join mushrooming pro-Palestine protests,https://www.aljazeera.com/features/2024/5/9/uk-university-protests
aljazeera,Iran warns it will change nuclear doctrine if ‘existence threatened’,https://www.aljazeera.com/news/2024/5/9/iran-warns-it-will-change-nuclear-doctrine-if-existence-threatened
aljazeera,Why is the US blocking some bomb shipments to Israel? All you need to know,https://www.aljazeera.com/news/2024/5/9/which-bombs-has-the-united-states-stopped-shipping-to-israel
aljazeera,Trump’s lawyer presses Stormy Daniels on day 14 of hush money trial,https://www.aljazeera.com/news/2024/5/9/trumps-lawyer-presses-stormy-daniels-on-day-14-of-hush-money-trial
aljazeera,Photos: Russia marks Victory Day parade amid Ukraine war,https://www.aljazeera.com/gallery/2024/5/9/russia-marks-victory-day-parade-amid-ukraine-war
