bbc,Stormy Daniels leaves after clash with Trump lawyer over sex claim,https://www.bbc.com/news/live/world-us-canada-68974378?src_origin=BBCS_BBC
bbc,Panama Papers law firm founder Ramón Fonseca dies,https://www.bbc.com/news/world-latin-america-68986408
bbc,Stormy Daniels leaves after clash with Trump lawyer over sex claim,https://www.bbc.com/news/live/world-us-canada-68974378?src_origin=BBCS_BBC
bbc,Thousands protest against Israel's Eurovision entry,https://www.bbc.com/news/world-europe-68986410
bbc,Putin hails army 'heroes' and warns off West in WW2 parade,https://www.bbc.com/news/articles/c89z22d3v5lo
bbc,Venezuela may be first nation to lose all its glaciers,https://www.bbc.com/news/articles/cx8qv1nvdppo
bbc,Panama Papers law firm founder Ramón Fonseca dies,https://www.bbc.com/news/world-latin-america-68986408
bbc,Boeing whistleblower says plane bodies had defects,https://www.bbc.com/news/business-68979354
bbc,Imran Khan's arrest left deep wounds still to heal,https://www.bbc.com/news/articles/cydr0y8yyeeo
bbc,Boeing whistleblower says plane bodies had defects,https://www.bbc.com/news/business-68979354
bbc,How The Killers' Mr Brightside got 'legendary status',https://www.bbc.com/news/entertainment-arts-68920975
bbc,Imran Khan's arrest left deep wounds still to heal,https://www.bbc.com/news/articles/cydr0y8yyeeo
bbc,Spotify paid the UK music industry £750m last year,https://www.bbc.com/news/articles/crgyvnm7lkeo
bbc,GB News investor loses legal row over shipwreck silver,https://www.bbc.com/news/articles/cjk4g7z52mlo
bbc,Spotify paid the UK music industry £750m last year,https://www.bbc.com/news/articles/crgyvnm7lkeo
bbc,Barron Trump to play role in Republican convention,https://www.bbc.com/news/world-us-canada-68982873
bbc,Australia backs gas beyond 2050 despite climate fears,https://www.bbc.com/news/articles/cjq5gky4e5no
bbc,GB News investor loses legal row over shipwreck silver,https://www.bbc.com/news/articles/cjk4g7z52mlo
bbc,Forest disappointed by failed deduction appeal - Nuno,https://www.bbc.com/sport/football/articles/clm3eepeplgo
bbc,Fifa faces legal threat over congested calendar,https://www.bbc.com/sport/football/articles/czd8lz182vzo
bbc,Forest disappointed by failed deduction appeal - Nuno,https://www.bbc.com/sport/football/articles/clm3eepeplgo
bbc,Plans approved for £61.8m redevelopment of Lord's,https://www.bbc.com/sport/cricket/articles/cgrw3jxy0jdo
bbc,Vunipola warned by RFU over Majorca arrest,https://www.bbc.com/sport/rugby-union/articles/clw085ellw8o
bbc,Fifa faces legal threat over congested calendar,https://www.bbc.com/sport/football/articles/czd8lz182vzo
